,precision,recall,f1-score,support
ALK,0.5238095238095238,0.5789473684210527,0.5500000000000002,19.0
others,0.75,0.7058823529411765,0.7272727272727272,34.0
accuracy,0.660377358490566,0.660377358490566,0.660377358490566,0.660377358490566
macro avg,0.6369047619047619,0.6424148606811146,0.6386363636363637,53.0
weighted avg,0.6689128481581311,0.660377358490566,0.663722126929674,53.0
